search_keyword,title,video_id,channel,view_count,like_count,comment_count,published_at
충격 결국,"[충격] 결국 터졌다! 이 대통령 죽이기 &#39;검찰 기획공작&#39; 전말, 수사권 박탈 막으려 검찰이 판 함정, 대통령 사칭해 뒤통수 친 첩자들의 최후 | 민주반장",8ojwhYIu4M0,민주반장 | 현장 정치 리포트,11964,848,170,2026-03-13T11:30:08Z
충격 결국,해외 반응 터진 지하철 좀비 킬 ㅋㅋㅋ,tCt_DkirpUk,폭스토리,4305503,95968,1182,2025-03-12T06:00:28Z
충격 결국,충격! 미스트롯4 길려원 결국 오열 뒤늦게 밝힌 이것?#shorts,ta2_WTWwLgY,엄마의노래방,74369,1653,1,2026-03-17T04:15:03Z
충격 결국,빈예서 저격하더니 결국? &quot;실력 부족&quot; 혹평했던 대선배가 돌연 고개 숙인 소름 돋는 이유#빈예서 #현역가왕3,SEqfBeJWkwo,드톡톡,544,58,0,2026-03-19T04:49:08Z
충격 결국,결국 벌 받은 장윤정 엄마의 충격적인 근황,-lbFl27gPn4,또이슈,7118540,42685,2394,2023-01-23T10:11:15Z
충격 결국,JTBC 단독 결국 터졌다! 김건희 충격 카톡 입수 &#39;와..이럴줄 알았다&#39; 우인성 법왜곡죄 1호 대상되나? | 국민권익위도 진상조사 다시 착수 난리났다,ffUXCgOt5X4,정치파랑,2963,464,33,2026-03-11T22:25:01Z
충격 결국,충격! 빈예서 떨어뜨려놓고 또 불렀다? 결국 울먹 #shorts,N_x98nuwejQ,별밤트로트,28331,1297,48,2026-03-18T11:00:29Z
충격 결국,"700만뷰 결혼식 부부, 결국 혼자 아이 키운다",_0bClcH4wHE,돌돌팝,8436440,47678,4277,2025-06-20T10:30:33Z
충격 결국,&#39;결국 다 불었다&#39; 김건희 충격소식 경악ㅣ&#39;와 이럴수가..&#39; JTBC 11시 단독 초토화ㅣ김성훈 경호처장 전격 배신 윤석열 옥중 오열ㅣ조희대 탄핵? 뒷이야기 스튜디오 발칵,vaV427vI-BU,정치처장,319200,6553,310,2026-03-05T02:45:13Z
충격 결국,[충격] 결국 &quot;중동 재건은 한국에 맡긴다&quot; 처참하게 쫓겨난 중국·일본 몰락,yNRFrTV4gXA,옆집경제,92,3,0,2026-03-15T21:01:02Z
충격 결국,손흥민 떠난 토트넘 결국 강등?! 완장 집어던진 로메로 오열하듯 AT마드리드 충격 이적에 런던 난리났다 ㄷㄷ,KhLteNimWd4,어나더 뉴스,65163,900,7,2026-03-18T22:00:33Z
충격 결국,"한국, 결국 경상수지 흑자 전환 &quot;이유 알고보니 충격..&quot; “한국, 돈으로 돈 버는 나라 돼”",aZsSRxGbfEA,국토전략TV,82790,4179,75,2023-05-11T23:37:07Z
충격 결국,(긴급속보) 전쟁중 중국 가만히 있는 이유 나왔다 충격... 결국 웃는 사람은 중국?,jb_biMPX7PI,대한의건아,2216,59,2,2026-03-13T01:09:25Z
충격 결국,[🔴충격속보] 결국 무소속 한동훈 연대 가시화 / 장예찬 또 패륜 막말,78wH4mRCowk,종이의 TV,17511,4118,44,2026-03-18T10:20:09Z
충격 결국,충격! 30억 자산가 도박중독으로 결국 고독사! 왜 그들은 20년 동안 카지노를 떠나지 못하나? | 김이나의 비인칭시점 + 수요기획 | KBS 방송,PWBkLsiUuTU,KBS 다큐,1625648,9664,1840,2024-12-13T11:00:06Z
충격 결국,완벽했던 며느리의 충격 정체,_Pnr0CrLfUU,엄마섬,1035,8,0,2026-03-19T05:37:51Z
충격 결국,(경제한스푼) 코리아 프리미엄 이상 무! 자본시장 간담회 / 이스라엘 결국 레드라인 넘나 / FOMC 매파 충격,hVrfW6K7o34,시동위키,20091,2279,13,2026-03-19T05:36:25Z
충격 결국,손흥민 고립시킨 최악 전술에 부앙가마저 결국 폭발! 감독 작심하고 공개 저격해버린 충격 상황 ㄷㄷ,QSsGwQeu78E,어나더 뉴스,559348,8976,419,2026-03-15T08:00:25Z
충격 결국,이란 뜻밖의 충격 대응! 결국 핵전쟁 일어난다?! 트럼프의 마지막 선택은 &#39;이것&#39; (김창현 김준형) #김창현의창 (0308_일),a3N15elKwfQ,뉴스토마토,311386,9329,775,2026-03-08T11:33:27Z
충격 결국,[충격] 결국 재규어가 기괴한 광고 포기하게 된 이유,P_4f4e7iSfk,남자들의 자동차 - 남차카페,24565,278,37,2025-05-21T23:30:07Z
역대급 근황,역대급 조롱받고 있다는 &#39;붉은사막&#39; 출시 근황,btzZJF6FEpI,그렇다네?,922,6,0,2026-03-19T02:45:26Z
역대급 근황,역대급 장수한 사람들 top4,hEm3NpgX7Rg,대박s쇼츠,12510091,238594,2135,2023-04-20T03:00:28Z
역대급 근황,[MAKE ME Girl] ※놀람주의※ 역대급 성형 전후 | 맥미걸 #shorts,CsR5fmEPZOA,에이비성형외과 AB Plastic Surgery,985653,2963,588,2025-03-15T08:00:18Z
역대급 근황,이어폰 하나로 역대급 사고친 소니 근황,gt1yEwFs4_4,달콤잇템,21565,243,17,2026-03-18T01:57:07Z
역대급 근황,역대급 살벌한 부모 자식 싸움 #금쪽같은내새끼,xDy9-An51lM,채널A WORLD,5107803,29203,0,2024-10-24T09:01:02Z
역대급 근황,역대급 고여버린 한국 양궁 근황,FEpjYgEa2sg,임준하,4518859,51107,796,2025-05-13T06:44:05Z
역대급 근황,고딩엄빠에 출연한 역대급 미모의 게스트!,js_tQR3ECqA,더빙신,10254487,73156,4831,2024-10-18T05:00:25Z
역대급 근황,역대급 막장 인생 20살 여자 근황,uSqq8DHUlM0,이왜진,776,9,0,2026-03-18T22:32:11Z
역대급 근황,역대급 겹경사에 난리난 부산 근황,FEFi4dZPPso,클립코리아,240067,5723,1384,2025-08-13T16:05:00Z
역대급 근황,역대급으로 귀여운 아기의 놀라운 근황 #유이진,MbMz-0rFA48,Our baby pandas,372319,4720,5,2025-05-21T06:28:37Z
역대급 근황,역대급 대참사 난 ‘버거킹’ 근황.. 이건 좀...,EvTqgXp33io,숏구름,2381989,15771,1044,2025-06-02T11:43:00Z
역대급 근황,현재 역대급 ㅈ된 ‘공무원’ 근황.. ㄷㄷ,3r6t1i7BM1o,김세달,448568,3010,976,2025-10-01T15:06:04Z
역대급 근황,역대급 미모 김태희 리즈시절 #shorts #legend,AY-m_jiVU6o,리즈시절,695434,10996,749,2025-02-27T13:03:19Z
역대급 근황,역대급으로 이뻤던 미스코리아들의 예상치 못한 근황,2iV4y6gX_SM,1분근황,2713037,11308,350,2023-07-25T09:04:57Z
역대급 근황,[와! 이 전설의 레전드] 역대급 방송사고 주인공에게 직접 듣는다 ②빵꾸똥꾸 앵커,DA8p9sae2qM, YTN,1229342,13461,874,2018-11-27T09:00:02Z
역대급 근황,역대급 마케팅이라는 코카콜라 근황,Ux5BcJZ-Xrg,김미니,28144,274,31,2026-03-17T03:00:29Z
역대급 근황,역대급으로 민심 터진 2026년 던파 근황,Z4XbdXYm_Dw,지존조세,214524,2581,1169,2026-03-16T12:01:05Z
역대급 근황,이번에 진짜 역대급 사고쳤다는 애플 근황,DSwm6Tm54bU,달콤잇템,16289,143,18,2026-03-16T09:20:47Z
역대급 근황,“인간은 필요없다” 역대급 AI 대체 근황 [모아봤스] / 스브스뉴스,ds92Wv_8uWE,스브스뉴스 SUBUSUNEWS,57201,694,298,2026-02-15T02:00:47Z
역대급 근황,맨유 레전드 34세 데헤아의 역대급 근황,D_OWeXIrFL0,싸커스토리 (후반전),576187,15146,370,2024-11-22T23:00:08Z
단독 포착,[단독] 캐리어에 변장 옷과 흉기‥&#39;용의주도&#39; 살인범 CCTV 포착 (2026.03.18/뉴스데스크/MBC),FCYcJezeasc,MBCNEWS,38699,462,168,2026-03-18T11:58:53Z
단독 포착,단독 포착! 이재명 제거 공작 스모킹건 막은.. 민정수석 이태형 비서관을 주목하는 까닭,3jvoSCWE6sc,스픽스,52336,3687,292,2026-03-14T08:30:04Z
단독 포착,조선소의 충격적 비밀! 폐기물 바다 투기 현장 단독 포착!,Cx-3B-JRz1A,존티비JONTV,18124,209,28,2026-03-12T13:47:43Z
단독 포착,"[단독포착] 故 이해찬 49재, 김정옥 여사의 멈추지 않는 눈물과 고개 숙인 감사 &quot;잊지 않겠습니다&quot; #김정옥 #이해찬 #49재 #추모 #바른소리TV",PmwzGC6N-q4,바른소리TV,57631,1239,6,2026-03-15T09:45:29Z
단독 포착,[단독}울산 조선소의 충격! 바다 무단 투기 생생 포착!,hneD5Pb83-g,존티비JONTV,2066,36,3,2026-03-12T13:43:56Z
단독 포착,"[단독 포착] 한국형 전투기 KF-21, &#39;초도 비행&#39; 성공 / KBS 2022.07.19(화)",DFH0DIXjPZ0,KBS진주,3861,86,6,2022-07-19T10:27:14Z
단독 포착,"[단독] 최순실, 서울 청담동 호텔 투숙 단독 포착 / YTN (Yes! Top News)",sSoD-fvsqz8, YTN,2368,1,0,2016-10-31T16:12:52Z
단독 포착,관저 내 &#39;윤석열 추정&#39; 남성 오마이TV 단독포착 #shorts,MnNUZV9KEV4,오마이TV,529834,22039,3151,2025-01-08T04:48:05Z
단독 포착,김정은 귀국 모습 연합뉴스TV 단독 포착 / 연합뉴스TV(YonhapnewsTV),UQMdzmm1XHs,연합뉴스TV,48964,195,15,2025-09-05T09:15:34Z
단독 포착,☆카오 귀여움 단독 포착! (귀염 지수 레벨 +1) l #달려라댕댕이 l #MBCevery1 l EP.2,UMkf7LjTVIs,MBC every1,16590,363,9,2021-03-15T11:45:16Z
단독 포착,[영상구성] 돌아가는 김정은 &#39;1호 열차&#39; 단독 포착 / 연합뉴스TV (YonhapnewsTV),Uxt8wxg2fsw,연합뉴스TV,1021,3,0,2025-09-05T06:14:38Z
단독 포착,중국 난닝역에서 내려 휴식 취하는 김정은 단독 포착 / YTN,EhlB2nzToys, YTN,6315,16,13,2019-02-26T22:17:35Z
단독 포착,최은순 &#39;최근모습&#39; 단독 포착!,WvQHsKd6YDU,열린공감TV,5989263,79155,6903,2025-06-30T14:31:31Z
단독 포착,e-NEWS - tvN E News Ep.1600 : 단독포착 A양! 박시후&amp;K씨&amp;A씨 삼자대질심문,GnA8s4IxYUg,CJ ENM,2372,2,0,2013-03-15T04:05:10Z
단독 포착,&#39;내곡동 특검&#39; 청와대 경호처 전격 방문 모습 단독 포착,GIrrWLwkIEc,뉴스TVCHOSUN,3337,2,0,2012-10-23T14:23:37Z
단독 포착,e-NEWS - tvN E News Ep.1569: [결정적 한방] 단독포착! 젝스키스 이재진 레스토랑 CEO 변신,KQ2zDtjq4u0,CJ ENM,13290,46,10,2013-01-31T01:00:57Z
단독 포착,"[enews24.net] &#39;마약파문&#39; 김성민, 자숙 근황 &#39;단독포착&#39;",BoqpuvMw6nE,eNEWS24,1809,6,0,2012-05-21T06:46:47Z
단독 포착,🔴단독 포착🔴- 박정훈 대령 청문회 출석 | 윤석열 대통령 탄핵 청원 청문회 - 장윤선이 간다! 국회 법사위,Q8aumoeftMQ,장윤선의 취재편의점,5470,535,42,2024-07-19T00:27:43Z
단독 포착,"[단독 포착] 국가대표급 수비수 임채민, 전격 국내 복귀",XTc_3ukpsAI,스포츠니어스,4001,54,10,2023-02-12T09:29:27Z
단독 포착,중국 웨이보 이재용 단독 포착,L9KAP5j68NA,엠뉴 | MBC경남 NEWS,5019,123,1,2026-01-07T01:38:18Z
사건의 전말,[크큭티비] 금요스트리밍: 사건의 전말.zip | KBS 방송,pRC5YXeBjQc,KBS COMEDY: 크큭티비,255275,1580,119,2022-01-14T08:00:13Z
사건의 전말,어떻게 아이폰 이름이 “김복남 살인사건의 전말” #이영지,C1MSQVV_1d0,녱,961368,17947,82,2025-06-25T12:12:54Z
사건의 전말,【영화결말포함】은행여직원이 휴가지에서 겪은 충격적 실화,9PprkaQd9oc,덕무비,363550,1413,358,2019-06-02T17:58:25Z
사건의 전말,그렇게 살다가 몸 버려 #김복남살인사건의전말 #shorts #서영희 #지성원 #영화추천 #꿀잼영화 #명작영화,b1JNJq-yb7E,쇼숏,8910670,53786,858,2025-05-30T08:00:51Z
사건의 전말,1회 갤러리 살인 사건의 전말  크라임씬 2,Pl1W8zAbn4s,JTBC Entertainment,31192,215,42,2015-04-15T14:04:37Z
사건의 전말,2005 신정동 연쇄살인 사건의 전말 |  짧은 그알,HA3cu9q0lPY,그것이 알고싶다,454030,3460,779,2025-12-23T08:00:20Z
사건의 전말,"혜경씨 모자 사건의 전말, #이재명",VTY_1u_EJTw,까는언니,5912,99,3,2026-03-17T08:57:34Z
사건의 전말,&#39;김복남 살인사건의 전말&#39;에 담긴 메시지,4MdA6WsHVdo,백수골방,609293,3438,649,2016-06-22T09:54:55Z
사건의 전말,개그콘서트 Gag Concert 사건의 전말 20140810,1IYKBmcHDCw,KBS Entertain,70047,203,0,2014-08-11T06:43:29Z
사건의 전말,딸을 잃고 정신이 나가 펜타킬 시전하려는 김복남,DeO8QqevcBc,무비스트릿,179240,1237,20,2025-12-22T18:55:22Z
사건의 전말,[#NOW노트📝] 2005 신정동 연쇄살인 사건의 전말과 범인의 3차 피해자가 들려주는 끔찍한 진실 | 그것이 알고 싶다 | SBS,ALLajMUwUtg,SBS ,178391,1099,296,2025-12-23T03:00:20Z
사건의 전말,[크큭티비] 사건의전말 : (마지막회) 김대희보다도 삭아 보여... | ep.757-758 | KBS 방송,kIefbp-Jcr8,KBS COMEDY: 크큭티비,14604,129,7,2022-01-03T08:46:45Z
사건의 전말,김복남 살인 사건의 전말,NFMyaWW0m1Y,YouTube Movies,0,112,57,2017-05-03T15:00:00Z
사건의 전말,(분노 주의)자식을 잃은 어미가 미치면 생기는 일 #한국영화 #스릴러영화 #김복남살인사건의전말,4Z_-HSmUK54,1분영사기,2266229,28840,555,2026-03-05T22:00:08Z
사건의 전말,서울쥐와 시골쥐,MQ7IP4hfBdM,와무비:WA! movie (영화리뷰),1633129,11080,320,2024-11-19T05:51:52Z
사건의 전말,지금 당장 확인! 두바이에서 일어난 대형 모선 UFO 사건의 전말,UWrVLh3y4NI,Tabu Discovery,5649,63,3,2026-03-16T22:56:00Z
사건의 전말,드디어 의문점들이 풀리는 개성댁 살인사건의 전말! ★불금특집 십분순삭★ | 거침킥⏱오분순삭,mdg1-Sdwifw,오분순삭,3943935,20021,1391,2020-01-17T08:30:12Z
사건의 전말,"봉지욱 기자 &#39;대장동 사건&#39;의 전말-남욱 폭탄 증언...&quot;특검하면 검찰 가루 된다&quot;-&quot;검찰의 내란, 이재명 엮기 조작 폭로 사건&quot; #전체영상",K1QzyOa2D9M,장윤선의 취재편의점,738182,23905,748,2025-11-11T03:20:21Z
사건의 전말,김복남 살인사건의 전말,1fKnFarR_-Q,YouTube Movies,0,191,0,2013-01-30T14:50:31Z
사건의 전말,[크큭티비] 사건의전말 :  나는 소년탐정 장구! 얘는 조수 봉구! 맞지? | ep.754-756 | KBS 방송,57zcWS6Kh5g,KBS COMEDY: 크큭티비,6824,70,0,2021-12-27T08:54:15Z
정부 발표 요약,정부 발표 핵심 요약! 6만 동 양성화 대상과 기준,boMizr_uhuo,오토미노,315,12,0,2026-02-08T21:00:36Z
정부 발표 요약,"&#39;주택 공급 부족?&#39; &quot;수도권에 6만 가구!&quot; 전격적인 정부 발표에 &#39;&#39;입이 떡&#39;, 지금부터는 &#39;속도전&#39;",JSdA2DMz_2Y,전주MBC News,2987,56,20,2026-01-29T09:00:15Z
정부 발표 요약,이재명 정부 &#39;5개년 계획&#39; 발표…&#39;123대 국정과제&#39; 내용은? / JTBC 뉴스룸,-WLaLjEjqik,JTBC News,3566,37,30,2025-08-13T10:47:59Z
정부 발표 요약,오늘 대한민국 | 정부24도 AI로 민원 서비스 대전환 | 핵심 요약 #오늘대한민국 #정책브리핑 #KTV #shorts,vvgtOQOUVhc,오늘 대한민국은?,661,1,0,2026-03-14T03:00:57Z
정부 발표 요약,정부정책 성실하게 갚았더니 이자 깎아준다고! 정부 발표 요약 #정부지원금 #정부복지 #복지정책,loJ02zuYGO4,정부정책 채널TV,584,2,0,2025-06-26T06:50:07Z
정부 발표 요약,20260319 오늘의 뉴스 30초 요약 정치·경제·사회 핵심,B2pzpkFMqgY,오늘의 뉴스 헤드라인,1398,5,0,2026-03-18T15:00:17Z
정부 발표 요약,"[뉴스나우] 이재명 정부, 세 번째 부동산 대책...집값 잡을까? / YTN",mrJrlPS6i_g, YTN,34410,96,157,2025-10-15T04:24:13Z
정부 발표 요약,2023년 경제정책방향 정부발표내용 요약 | 부동산 관련내용 중심으로,SXZnPqSjYKE,밤이슬,46,1,0,2023-01-05T11:22:15Z
정부 발표 요약,"오늘 대한민국 | 한성숙 장관, KTX로 전국 순회 | 핵심 요약 #오늘대한민국 #정책브리핑 #KTV #shorts",oT-IdLPpPz0,오늘 대한민국은?,898,16,1,2026-03-19T03:01:03Z
정부 발표 요약,"[시청주의] 장인수 공소취소 거래설, 이지선 기자 &quot;적어도 보도라면...&quot;",yAzT-gTjpW8,MBC 라디오 시사,533891,13437,1313,2026-03-13T03:54:15Z
정부 발표 요약,"오늘 대한민국 | 수출기업 물류비 급등, 정부 긴급 지원 | 핵심 요약 #오늘대한민국 #정책브리핑 #KTV #shorts",PMpmbCRcPV4,오늘 대한민국은?,840,7,0,2026-03-16T22:30:11Z
정부 발표 요약,빚 5천만 원   탕감받는 방법!   정부 발표 요약 #빚탕감정책,TVlFKcOjy14,백년백과,3101,7,0,2025-08-04T06:09:27Z
정부 발표 요약,정부 특급 발표! 설 민생 대책 정책 10가지 요약 정리! 모든시민 1인 10~50만원 지원금 주는곳은? 취약계층 설 명절 위로금 위문품 지급 내용 정리!,jEntb8elCSQ,트렌드라디오,17310,501,17,2025-01-09T21:15:04Z
정부 발표 요약,"&quot;혁신위원장 안철수&quot; 발표되자…나경원, 마이크 켜진 줄 모르고 / 연합뉴스TV(YonhapnewsTV)",j6MZ8NDvLI8,연합뉴스TV,785702,5615,968,2025-07-02T06:24:28Z
정부 발표 요약,정부 발표 독자적 대북제재 내용 요약하면,B9mnrYJytb4,민중의소리 MediaVop,249,3,0,2016-03-08T09:23:14Z
정부 발표 요약,134회 수요포럼 주제발표 요약,Piiw_793wYg,한국과학기술기획평가원 (KISTEP),96,0,0,2021-05-26T10:21:06Z
정부 발표 요약,이재명 대통령이 제안한 &#39;직접 지원&#39;의 정체!  #이재명 #국무회의 #유류세 #민생대책 #경제정책 #에너지위기 #물가안정 #정부발표,m1H4hlmlKFs,뉴스인피플 (NIP),1200,67,0,2026-03-18T03:07:24Z
정부 발표 요약,이재명 정부 부동산 정책 30초 정리,uAg5F3FFrE0,민주인사이트,60083,0,55,2025-07-01T13:19:25Z
정부 발표 요약,(요약편집)[디지털혁신대전환위원회] 정책1호 발표 - #1 박영선 위원장이 말하는 ‘이재명의 메타정부’는?,54TYB8u9hFE,박영선TV,1005,257,22,2022-01-14T12:09:27Z
정부 발표 요약,"오늘 대한민국 | 정부, 2,000개 기업 대상 무료 보안 점검 제공 | 핵심 요약 #오늘대한민국 #정책브리핑 #KTV #shorts",W0N2JamxJiY,오늘 대한민국은?,923,7,0,2026-03-17T08:30:16Z
오늘의 날씨,[날씨] 맑고 일교차 큰 봄날씨…내륙 중심 짙은 안개 / SBS,DtuYMr_pArU,SBS 뉴스,5768,168,25,2026-03-18T21:35:26Z
오늘의 날씨,[날씨/XR] 아침 영하권·낮 10도 이상 올라…일교차 주의 / SBS 8뉴스,9rwuxiXwTvQ,SBS 뉴스,7343,152,23,2026-03-18T12:30:09Z
오늘의 날씨,[날씨] 짙은 안개 속 곳곳 빙판길 …큰 일교차 유의 / 연합뉴스TV (YonhapnewsTV),u6m8vSKOB3s,연합뉴스TV,4030,58,7,2026-03-18T20:55:05Z
오늘의 날씨,[날씨] 오후까지 전국 비…중부지방 미세먼지 &#39;나쁨&#39; / SBS,C-9VI1NUQ-U,SBS 뉴스,9158,175,21,2026-03-17T21:39:17Z
오늘의 날씨,[날씨] 내일 큰 일교차…출근길 짙은 안개 유의 / 연합뉴스TV (YonhapnewsTV),Va45rmDCtNo,연합뉴스TV,1545,54,5,2026-03-18T13:12:27Z
오늘의 날씨,[날씨] 오후까지 &#39;전국 봄비&#39;…중부 대기질 나쁨 [뉴스퍼레이드],GZ8ehz38mM8,뉴스TVCHOSUN,3412,127,13,2026-03-17T23:34:49Z
오늘의 날씨,[날씨] 대체로 맑고 일교차 커…공기질 회복 / KBS  2026.03.19.,1Z7GrwlrUpA,KBS News,6408,158,9,2026-03-18T21:45:12Z
오늘의 날씨,"오늘은 일교차가 크겠고, 내일은 전국에 비가 내리겠습니다. (기상청 예보 26년 3월 17일 05시 기준)",NLnVkf3az3I,옙TV(기상청 예보TV) ,4781,69,2,2026-03-16T22:00:21Z
오늘의 날씨,[날씨] 전국에 봄비 소식…제주 산지 최대 70mm 이상 / SBS,6MSB-3InbTE,SBS 뉴스,12773,227,21,2026-03-17T08:37:59Z
오늘의 날씨,[날씨] 내일(19일) 출근길 도로 미끄럼·안개 주의…큰 일교차 / KBS  2026.03.18.,iCPwlupjhx8,KBS News,6858,145,17,2026-03-18T13:12:36Z
오늘의 날씨,[출근길 YTN 날씨 3/19] 다시 이맘때 초봄 날씨...아침까지 중부·호남 &#39;서리·안개&#39; / YTN,MiOX_YHyBMo, YTN,2151,35,5,2026-03-18T21:56:20Z
오늘의 날씨,[날씨] 전국에 봄비…중부지방 초미세먼지 &#39;나쁨&#39; / SBS,Wr0aSanuk64,SBS 뉴스,7385,270,27,2026-03-18T03:51:31Z
오늘의 날씨,[날씨/XR] 큰 일교차…일요일 오전부터 &#39;미세먼지&#39; 유입 / SBS 8뉴스,WV0ulZ6Yuho,SBS 뉴스,18093,286,27,2026-03-14T12:18:18Z
오늘의 날씨,[날씨] 비 대부분 그쳐…내일(19일) 아침 기온 ‘뚝’ / KBS  2026.03.18.,zFWvLijCaF8,KBS News,23543,316,20,2026-03-18T08:35:44Z
오늘의 날씨,[날씨] 주말 내내 포근…아침까지 남부 내륙 옅은 안개 / SBS,FFjyn2Ayvyw,SBS 뉴스,5086,162,16,2026-03-13T23:26:41Z
오늘의 날씨,[날씨] 주말엔 온화한 봄 날씨…여전히 일교차 &#39;주의 / SBS,nPn2k2s4qbE,SBS 뉴스,8458,209,17,2026-03-14T03:18:11Z
오늘의 날씨,"[날씨/XR] 전국 봄비…중부 5~10mm, 제주 산간 70mm / SBS 8뉴스",M3emzcINgjA,SBS 뉴스,19884,240,27,2026-03-17T12:51:21Z
오늘의 날씨,[날씨] 오늘 전국 눈·비…경상도 최대 10cm 폭설 / SBS,kjZ8k7po55Q,SBS 뉴스,31035,304,45,2026-02-23T21:43:36Z
오늘의 날씨,[날씨] 내일(15일) 흐리고 일교차 커…공기 점차 탁해져 / KBS  2026.03.14.,7I_6EBpJGr4,KBS News,13319,287,7,2026-03-14T12:52:07Z
오늘의 날씨,"[출근길 YTN 날씨 3/18] 오늘 전국 봄비, 낮에도 서늘...중서부 초미세 여전 / YTN",3B5Y4f17JI4, YTN,2663,57,7,2026-03-17T22:42:12Z
오늘의 날씨,"[날씨/XR] 주말 야외활동 &#39;수월&#39;…낮은 포근, 큰 일교차 주의 / SBS 8뉴스",HM0KLT4-org,SBS 뉴스,8887,151,19,2026-03-13T12:27:14Z
오늘의 날씨,"[날씨] 주말, 봄날씨 이어져…큰 일교차 유의 / KBS  2026.03.14.",89-rx9Vr27I,KBS News,13311,247,15,2026-03-13T22:08:05Z
오늘의 날씨,[3월 9일 날씨] 내일 중부지방 눈·비…곳곳 공기질&#39; 나쁨&#39; (문지영 기상캐스터) / 오늘의 날씨,FIFgaVAqMww,OBS뉴스,3308,72,4,2026-03-08T11:22:56Z
오늘의 날씨,"[날씨] 오후까지 동해안 눈,비…곳곳 도로 살얼음 주의 / 연합뉴스TV (YonhapnewsTV)",O0_NIRiLJrU,연합뉴스TV,5868,110,11,2026-03-12T21:30:48Z
오늘의 날씨,[날씨] 전국 곳곳 미세먼지 &#39;나쁨&#39;…다음 주 &#39;한파&#39; 찾아와 / SBS,BlT9YyHT9zU,SBS 뉴스,18678,204,48,2026-01-17T22:49:54Z
맛있는 레시피,가족들이 또 해달라고 한 &#39;맛있는카레&#39; 레시피!,AtGAVBl1vrQ,추추의 한끼식사,3057141,41019,429,2025-06-27T07:44:48Z
맛있는 레시피,눌러먹는 구운주먹밥,4UG7r_xX9Ug,지현쿡,1792238,33373,137,2024-07-17T10:29:31Z
맛있는 레시피,전문 중국집 짬뽕급으로 맛있다는 짬뽕라면 만들기! 해장 대파라면 레시피,xj782sapPfQ,자취요리 뚝딱 l 202호 자취요리,9966799,88264,500,2023-04-19T12:35:02Z
맛있는 레시피,정호영 비빔국수 레시피,zVHDJPoOuRQ,뚜비두밥 맛있는밥,5010775,32222,303,2024-07-20T22:19:37Z
맛있는 레시피,최강록 쉐프의 최애 라면 레시피,grMXt2gkztM,중꺾레 Endless Recipe,1920014,6974,286,2025-06-03T13:48:47Z
맛있는 레시피,밥도둑 무조림 레시피,4sm7lHcWbpY,보경 Bokyoung,753715,6547,102,2025-01-08T11:17:20Z
맛있는 레시피,간장계란밥 100배 맛있게 먹는 방법,vq_IXNsOEo0,내일식단,1545847,22049,140,2024-07-18T08:44:00Z
맛있는 레시피,5분컷 매콤 다이어트레시피,h_corzv8kco,선우핏,2328010,32300,107,2025-06-09T12:25:26Z
맛있는 레시피,[SNS 230만❤️‍🔥] 맛없을 수 없는 스팸마요덮밥,J_22wCVGyEM,오메추 : 오늘의 메뉴를 추천합니다.,1037341,12181,31,2023-11-06T04:25:23Z
맛있는 레시피,밥 필요 없어요 돌돌 말면 끝!,vNwAQmppzyM,아임레시피 I'm recipe,3949128,41324,209,2025-07-03T09:39:02Z
맛있는 레시피,꾸덕한~ 느낌의 &#39;오징어볶음&#39; 레시피!,HE0Sj3tZjdU,추추의 한끼식사,7410838,101268,885,2025-05-31T07:45:45Z
맛있는 레시피,사 먹는 것보다 더 맛있는 닭한마리 레시피 #닭한마리 #닭한마리만들기,vtC6jQAdUic,뚜비두밥 맛있는밥,882571,9294,125,2024-08-13T21:49:53Z
맛있는 레시피,반찬 걱정이 똑! 떨어집니다!,P_BaHQ5o3qM,요리고수,1527927,10508,83,2025-06-29T03:15:05Z
맛있는 레시피,계란이 있다면 무조건 먹어봐야 할 레시피,Z2vjsJZnXog,내일식단,914958,9729,183,2024-09-23T08:44:00Z
맛있는 레시피,한번 먹어보면 다시 찾게되는 멸치볶음 1등 레시피,jCgnoc4S6pQ,쿡피아 Cookpia,1388878,15926,143,2025-07-15T00:00:43Z
맛있는 레시피,한식 대가 이모카세 김치찌개 비법 레시피,gUoaYyS4Udw,중꺾레 Endless Recipe,3462252,14585,345,2025-04-15T13:12:04Z
맛있는 레시피,딱 2가지 재료로 완성되는 초간단 김밥 만들기! 100% 성공이에요,c1oH1izQdp0,일등감의 쉬운 레시피,4029295,19525,55,2025-04-23T19:00:27Z
여행 브이로그 추천,곽튜브가 추천한 최고의 여행지?!,GWArWI45xr8,김지석 [내 안의 보석],12231817,92764,2144,2024-08-29T11:56:41Z
여행 브이로그 추천,혼자 여행가지 나랑 왜 왔니? | #커플브이로그 #연애 #커플여행,tdY1c4xnhbk,티오킴,721943,1739,705,2025-09-12T10:16:43Z
여행 브이로그 추천,1년간 45개국 여행하면 얼마들까?,1sCpH96aRD8,너의 데이지,967406,16243,2840,2025-03-14T14:54:14Z
여행 브이로그 추천,"혼자 매일 새벽까지 먹고 마시는 도쿄 혼여행 vlog🗼일본인들과 새벽 해장라멘🍜 요코초 혼술 |도쿄 안주맛집, 빵집, 킷사텐 추천 | 일본에서 ㅁㅋ당했던썰.. 여기 조심하세요!!😭",XICcispS9rU,시오 sio,159640,1951,246,2025-10-28T11:01:49Z
여행 브이로그 추천,슬기의 런던 15초 여행,FCdyaCTL9lI,하이슬기 Hi Seulgi,837970,15740,188,2025-07-01T10:00:28Z
여행 브이로그 추천,뉴욕은 걍 차원이 다르다... 너무 맛있고 너무 좋은데?🗽 나의 첫 뉴욕 여행 EP.1🕺,eU-5XNSP3nY,규진,197359,2411,204,2025-10-20T13:58:47Z
여행 브이로그 추천,"전 객실이 오션뷰인데 5인 56,000원 가성비 숙소 추천, 최고의 자연경관을 만날 수 있는 곳!",fFgC5qTUCyk,자유와 산 - 걷기 여행 트레킹,14401,578,37,2026-03-18T23:00:48Z
여행 브이로그 추천,🇯🇵오비히로 가면 꼭 사야하는 추천 템!!! #홋카이도 #오비히로 #여행브이로그,ohzA0q6WDo0,라쿠 RAKU,5385,189,8,2026-03-18T03:15:08Z
여행 브이로그 추천,중국여행 처음인 사람 현실브이로그 #상하이#여행#브이로그#vlog,c2sW2MT8ce0,미로다요,315782,2655,147,2025-08-27T09:49:20Z
여행 브이로그 추천,서울 브이로그 #13년생#서울#여행#서울브이로그#브이로그#vlog#일상#추천추천#알고리즘#리즘아띄워줘,EvjqQImldQ0,렝숲,330862,3507,140,2025-07-27T23:36:40Z
여행 브이로그 추천,나혼자 오사카 여행🇯🇵이대로 가면 성공보장❤️‍🔥찐맛집.호텔추천.몽벨.야끼니꾸맛집.현지인핫플카페.하나다코.라멘.오꼬노미야끼.난바.나가자키초.Osaka,UXzhBIobrLA,보리코 Boriko,177578,2749,467,2025-11-10T10:00:49Z
여행 브이로그 추천,[vlog] 나 혼자 나고야🍡끝없는 ‘인생맛집’과 ‘명물’투어..| 일본 1위 라멘 | 3박4일 코스&amp;경비 | 4성급 가성비숙소 | 느좋 카페☕️| 노리타케의 숲,uJq29SqIfNQ,Daily Joy조이,153968,2304,910,2025-10-23T12:01:50Z
여행 브이로그 추천,"혼여중독자의 야무진 낭만 묵호 혼자여행 vlog☃️ 묵호 두쫀쿠맛집, 안유명한 찐맛집 추천 | 도른 오션뷰 게하에서 별도 보고 일출도 보는 갬성 묵호 | 혼여행 당신두 할수있어~🌀",zompIc9GEO4,시오 sio,85485,2453,151,2025-12-28T09:21:13Z
여행 브이로그 추천,나트랑 여행 이대로만 하세요! 정보는 인스타 @oneulhee #나트랑 #나트랑맛집 #나트랑여행 #여행브이로그,F3aJ5jFlDJo,오늘희,1081845,4211,258,2025-01-08T11:50:03Z
여행 브이로그 추천,알다가도 모르겠는 일본,f-2ZqhZWwTA,테디여행기 TeddyTravelogue,4745274,26303,2564,2025-09-24T02:45:05Z
여행 브이로그 추천,후쿠오카 혼자여행 ! 당일치기 ! 🇯🇵,QbiG8R5TOWw,지똥글의 세계여행 SENERSEOUL,785849,4105,39,2024-07-23T11:32:13Z
여행 브이로그 추천,13년생 주말 브이로그 #13년생#주말#주말브이로그#브이로그#일상브이로그#vlog#추천추천#알고리즘#리즘아띄워줘,Z6TaeiTE7kc,렝숲,476345,4189,133,2025-06-29T11:20:14Z
여행 브이로그 추천,"오사카 여행 브이로그 EP1 : 오사카 숙소 추천, 오사카 맛집, 오사카 말차 디저트 맛집,오사카 주방 용품 쇼핑,다이소,세리아,간사이 공항에서 우메다역 가는법",IvMmos3aRqo,아이보리페이퍼 ivorypaper,75274,870,26,2025-11-30T13:13:46Z
